{"cameraMode":{"drawMode":0,"name":"Shaded","section":"Shading Mode"},"sceneLighting":true,"audioPlay":false,"sceneViewState":{"showFog":true,"showMaterialUpdate":false,"showSkybox":false,"showFlares":true,"showImageEffects":true,"showParticleSystems":true},"in2DMode":false,"pivot":{"x":647.3613891601563,"y":-1005.4959716796875,"z":3814.5927734375},"rotation":{"x":-0.18665637075901032,"y":-0.02298940159380436,"z":0.004369006957858801,"w":-0.9821470379829407},"size":2417.353759765625,"orthographic":false}